model_name,train_dataset,test_dataset,auc,ci_lower,ci_upper,auc_formatted
XGB-INS-A,INSPIRE,MOVER,0.785103857345559,0.7723706942487288,0.797999490709454,0.785 (95% CI: 0.772–0.798)
XGB-INS-B,INSPIRE,MOVER,0.8952584631497492,0.886403036428166,0.9041888607702455,0.895 (95% CI: 0.886–0.904)
LR-INS-A,INSPIRE,MOVER,0.7960276663018024,0.7803981482944794,0.8121208713895094,0.796 (95% CI: 0.780–0.812)
LR-INS-B,INSPIRE,MOVER,0.7409764225795157,0.7194657051538529,0.7611082574696851,0.741 (95% CI: 0.719–0.761)
XGB-MOV-A,MOVER,INSPIRE,0.7557296401833105,0.7411302098160629,0.7705721174077071,0.756 (95% CI: 0.741–0.771)
XGB-MOV-B,MOVER,INSPIRE,0.8120957599632884,0.800428075798514,0.8236630951934664,0.812 (95% CI: 0.800–0.824)
LR-MOV-A,MOVER,INSPIRE,0.8060525150444746,0.793152883675147,0.8190581671620225,0.806 (95% CI: 0.793–0.819)
LR-MOV-B,MOVER,INSPIRE,0.838719722190055,0.8271227909173495,0.8500799031536286,0.839 (95% CI: 0.827–0.850)
