{
  "auc": 0.9475098927415726,
  "brier": 0.01926622886481509,
  "n_samples": 57545,
  "n_events": 823,
  "event_rate": 0.014301850725519158,
  "calibration_slope": 1.126177269153609,
  "calibration_intercept": -2.278394929977275,
  "o_e_ratio": 0.22637244422170583,
  "ece": 0.04887655764786103
}