{
  "model_id": "XGB-MOV-A",
  "algorithm": "XGBoost",
  "oof_auc": 0.9475098927415726,
  "oof_brier": 0.01926622886481509,
  "oof_calibration_slope": 1.126177269153609,
  "oof_o_e_ratio": 0.22637244422170583,
  "training_duration_min": 30.05061045,
  "timestamp": "2025-12-13T08:55:04.563485",
  "n_features": 8,
  "n_samples": 57545,
  "n_events": 823
}