{
  "auc": 0.9138827436732532,
  "brier": 0.11239980694343227,
  "n_samples": 57545,
  "n_events": 823,
  "event_rate": 0.014301850725519158,
  "calibration_slope": 0.9747994109464903,
  "calibration_intercept": -4.181355096427665,
  "o_e_ratio": 0.058422049917854,
  "ece": 0.23050042419685488
}