{
  "auc": 0.8603656686994618,
  "brier": 0.02769548475550461,
  "n_samples": 127413,
  "n_events": 1387,
  "event_rate": 0.010885859370707856,
  "calibration_slope": 0.8434940041466158,
  "calibration_intercept": -2.7172114570440775,
  "o_e_ratio": 0.13269774233315987,
  "ece": 0.07114914122016193
}