{
  "auc": 0.941537017338041,
  "brier": 0.011367130798275353,
  "n_samples": 57545,
  "n_events": 823,
  "event_rate": 0.014301850725519158,
  "calibration_slope": 0.8312334691711654,
  "calibration_intercept": -0.9247361492442896,
  "o_e_ratio": 0.6843483714883709,
  "ece": 0.006596643844453221
}