{
  "auc": 0.8866990584826965,
  "brier": 0.12344014901092322,
  "n_samples": 127413,
  "n_events": 1387,
  "event_rate": 0.010885859370707856,
  "calibration_slope": 0.8739008198130407,
  "calibration_intercept": -4.419188895996054,
  "o_e_ratio": 0.040246683078286764,
  "ece": 0.2595925636469844
}