{
  "auc": 0.9312326414051642,
  "brier": 0.09669270499760897,
  "n_samples": 57545,
  "n_events": 823,
  "event_rate": 0.014301850725519158,
  "calibration_slope": 0.8734233256282362,
  "calibration_intercept": -4.073405008922656,
  "o_e_ratio": 0.06701949456021758,
  "ece": 0.1990965167102248
}