{
  "auc": 0.8513001048032214,
  "brier": 0.14503603094232298,
  "n_samples": 127413,
  "n_events": 1387,
  "event_rate": 0.010885859370707856,
  "calibration_slope": 0.9001684458955095,
  "calibration_intercept": -4.467311893486191,
  "o_e_ratio": 0.03433354568540371,
  "ece": 0.30617604476393623
}