{
  "auc": 0.807158948936173,
  "brier": 0.05548033204574912,
  "n_samples": 127413,
  "n_events": 1387,
  "event_rate": 0.010885859370707856,
  "calibration_slope": 0.8355959676473813,
  "calibration_intercept": -3.3722615886308276,
  "o_e_ratio": 0.06930893859706566,
  "ece": 0.14617698982387972
}